,Generic LookupKey,Time Period,Value
0,Segment 1 - Sandesh Brand 2Sandesh Brand 2BroadbandTortoiseRevenue - Tortoise,2019-04-01,-0.8806950577691057
1,Segment 1 - Sandesh Brand 2Sandesh Brand 2BroadbandTortoiseRevenue - Tortoise,2019-05-01,-0.8982528668576804
2,Segment 1 - Sandesh Brand 2Sandesh Brand 2BroadbandTortoiseRevenue - Tortoise,2019-06-01,-0.9076247592434235
3,Segment 1 - Sandesh Brand 2Sandesh Brand 2BroadbandTortoiseRevenue - Tortoise,2019-07-01,-0.8950571947799952
4,Segment 1 - Sandesh Brand 2Sandesh Brand 2BroadbandTortoiseRevenue - Tortoise,2019-08-01,-0.9007941555296961
5,Segment 1 - Sandesh Brand 2Sandesh Brand 2BroadbandTortoiseRevenue - Tortoise,2019-09-01,-0.903883788834368
6,Segment 1 - Sandesh Brand 2Sandesh Brand 2BroadbandTortoiseRevenue - Tortoise,2019-10-01,-0.8956141300870886
7,Segment 1 - Sandesh Brand 2Sandesh Brand 2BroadbandTortoiseRevenue - Tortoise,2019-11-01,-0.9013601569551997
8,Segment 1 - Sandesh Brand 2Sandesh Brand 2BroadbandTortoiseRevenue - Tortoise,2019-12-01,-0.903883788834368
9,Segment 1 - Sandesh Brand 2Sandesh Brand 2BroadbandTortoiseRevenue - Tortoise,2020-01-01,-0.8956141300870886
10,Segment 1 - Sandesh Brand 2Sandesh Brand 2BroadbandTortoiseRevenue - Tortoise,2020-02-01,-0.9013601569551997
11,Segment 1 - Sandesh Brand 2Sandesh Brand 2BroadbandTortoiseRevenue - Tortoise,2020-03-01,-0.903883788834368
12,Segment 1 - Sandesh Brand 2Sandesh Brand 2BroadbandRabbitRevenue - Rabbit,2019-04-01,0.8974615507588277
13,Segment 1 - Sandesh Brand 2Sandesh Brand 2BroadbandRabbitRevenue - Rabbit,2019-05-01,0.8596697575925856
14,Segment 1 - Sandesh Brand 2Sandesh Brand 2BroadbandRabbitRevenue - Rabbit,2019-06-01,0.7429900581481432
15,Segment 1 - Sandesh Brand 2Sandesh Brand 2BroadbandRabbitRevenue - Rabbit,2019-07-01,0.7478333784164015
16,Segment 1 - Sandesh Brand 2Sandesh Brand 2BroadbandRabbitRevenue - Rabbit,2019-08-01,0.7423185121770624
17,Segment 1 - Sandesh Brand 2Sandesh Brand 2BroadbandRabbitRevenue - Rabbit,2019-09-01,0.7356085858897808
18,Segment 1 - Sandesh Brand 2Sandesh Brand 2BroadbandRabbitRevenue - Rabbit,2019-10-01,0.734115148019397
19,Segment 1 - Sandesh Brand 2Sandesh Brand 2BroadbandRabbitRevenue - Rabbit,2019-11-01,0.7355047662133267
20,Segment 1 - Sandesh Brand 2Sandesh Brand 2BroadbandRabbitRevenue - Rabbit,2019-12-01,0.7339816295501783
21,Segment 1 - Sandesh Brand 2Sandesh Brand 2BroadbandRabbitRevenue - Rabbit,2020-01-01,0.7355047662133267
22,Segment 1 - Sandesh Brand 2Sandesh Brand 2BroadbandRabbitRevenue - Rabbit,2020-02-01,0.7339816295501783
23,Segment 1 - Sandesh Brand 2Sandesh Brand 2BroadbandRabbitRevenue - Rabbit,2020-03-01,0.7355047662133267
24,Segment 1 - Sandesh Brand 2Sandesh Brand 2BroadbandRabbitAverage Revenue per existing customer Excl Line Rental - Rabbit,2019-04-01,-0.10874100020378971
25,Segment 1 - Sandesh Brand 2Sandesh Brand 2BroadbandRabbitAverage Revenue per existing customer Excl Line Rental - Rabbit,2019-05-01,-0.1169127401545732
26,Segment 1 - Sandesh Brand 2Sandesh Brand 2BroadbandRabbitAverage Revenue per existing customer Excl Line Rental - Rabbit,2019-06-01,-0.1205462636426366
27,Segment 1 - Sandesh Brand 2Sandesh Brand 2BroadbandRabbitAverage Revenue per existing customer Excl Line Rental - Rabbit,2019-07-01,-0.2681212701797182
28,Segment 1 - Sandesh Brand 2Sandesh Brand 2BroadbandRabbitAverage Revenue per existing customer Excl Line Rental - Rabbit,2019-08-01,-0.26759065171855556
29,Segment 1 - Sandesh Brand 2Sandesh Brand 2BroadbandRabbitAverage Revenue per existing customer Excl Line Rental - Rabbit,2019-09-01,-0.23900698227233158
30,Segment 1 - Sandesh Brand 2Sandesh Brand 2BroadbandRabbitAverage Revenue per existing customer Excl Line Rental - Rabbit,2019-10-01,-0.1948587264998048
31,Segment 1 - Sandesh Brand 2Sandesh Brand 2BroadbandRabbitAverage Revenue per existing customer Excl Line Rental - Rabbit,2019-11-01,-0.18436710398145917
32,Segment 1 - Sandesh Brand 2Sandesh Brand 2BroadbandRabbitAverage Revenue per existing customer Excl Line Rental - Rabbit,2019-12-01,-0.20154027627822252
33,Segment 1 - Sandesh Brand 2Sandesh Brand 2BroadbandRabbitAverage Revenue per existing customer Excl Line Rental - Rabbit,2020-01-01,-0.19959413105294127
34,Segment 1 - Sandesh Brand 2Sandesh Brand 2BroadbandRabbitAverage Revenue per existing customer Excl Line Rental - Rabbit,2020-02-01,-0.1906391974495411
35,Segment 1 - Sandesh Brand 2Sandesh Brand 2BroadbandRabbitAverage Revenue per existing customer Excl Line Rental - Rabbit,2020-03-01,-0.18852888971758022
36,Segment 1 - Sandesh Brand 2Sandesh Brand 2BroadbandTortoiseAverage Revenue per existing customer Excl Line Rental - Tortoise,2019-04-01,-0.7082867220589868
37,Segment 1 - Sandesh Brand 2Sandesh Brand 2BroadbandTortoiseAverage Revenue per existing customer Excl Line Rental - Tortoise,2019-05-01,-0.7433641294054287
38,Segment 1 - Sandesh Brand 2Sandesh Brand 2BroadbandTortoiseAverage Revenue per existing customer Excl Line Rental - Tortoise,2019-06-01,-0.7200767796226406
39,Segment 1 - Sandesh Brand 2Sandesh Brand 2BroadbandTortoiseAverage Revenue per existing customer Excl Line Rental - Tortoise,2019-07-01,-0.7123078445212998
40,Segment 1 - Sandesh Brand 2Sandesh Brand 2BroadbandTortoiseAverage Revenue per existing customer Excl Line Rental - Tortoise,2019-08-01,-0.7168010308440755
41,Segment 1 - Sandesh Brand 2Sandesh Brand 2BroadbandTortoiseAverage Revenue per existing customer Excl Line Rental - Tortoise,2019-09-01,-0.7154700180353892
42,Segment 1 - Sandesh Brand 2Sandesh Brand 2BroadbandTortoiseAverage Revenue per existing customer Excl Line Rental - Tortoise,2019-10-01,-0.7168284372525515
43,Segment 1 - Sandesh Brand 2Sandesh Brand 2BroadbandTortoiseAverage Revenue per existing customer Excl Line Rental - Tortoise,2019-11-01,-0.7154700180353892
44,Segment 1 - Sandesh Brand 2Sandesh Brand 2BroadbandTortoiseAverage Revenue per existing customer Excl Line Rental - Tortoise,2019-12-01,-0.7168284372525515
45,Segment 1 - Sandesh Brand 2Sandesh Brand 2BroadbandTortoiseAverage Revenue per existing customer Excl Line Rental - Tortoise,2020-01-01,-0.7154700180353892
46,Segment 1 - Sandesh Brand 2Sandesh Brand 2BroadbandTortoiseAverage Revenue per existing customer Excl Line Rental - Tortoise,2020-02-01,-0.7168284372525515
47,Segment 1 - Sandesh Brand 2Sandesh Brand 2BroadbandTortoiseAverage Revenue per existing customer Excl Line Rental - Tortoise,2020-03-01,-0.7154700180353892
